<?xml version="1.0" encoding="UTF-8"?>
<!DOCTYPE sun-web-app PUBLIC "-//Sun Microsystems, Inc.//DTD Application Server 9.0 Servlet 2.5//EN" "http://www.sun.com/software/appserver/dtds/sun-web-app_2_5-0.dtd">
<!--

    Copyright (c) 1997, 2018 Oracle and/or its affiliates. All rights reserved.

    This program and the accompanying materials are made available under the
    terms of the Eclipse Distribution License v. 1.0, which is available at
    http://www.eclipse.org/org/documents/edl-v10.php.

    SPDX-License-Identifier: BSD-3-Clause

-->

<sun-web-app error-url="">
  <context-root>__wstx-services</context-root>
  <servlet>
    <servlet-name>RegistrationPortTypeImpl</servlet-name>
    <webservice-endpoint>
      <port-component-name>RegistrationPortTypeImpl</port-component-name>
      <endpoint-address-uri>/RegistrationPortTypeRPC</endpoint-address-uri>
      <service-qname>
        <namespaceURI>http://schemas.xmlsoap.org/ws/2004/10/wscoor</namespaceURI>
        <localpart>Coordinator</localpart>
      </service-qname>
      <servlet-impl-class>com.sun.xml.ws.tx.coord.v10.endpoint.RegistrationPortTypeRPCPortImpl</servlet-impl-class>
      <debugging-enabled>true</debugging-enabled>
    </webservice-endpoint>
  </servlet>
  <servlet>
    <servlet-name>CoordinatorPortTypeImpl</servlet-name>
    <webservice-endpoint>
      <port-component-name>CoordinatorPortTypeImpl</port-component-name>
      <endpoint-address-uri>/CoordinatorPortType</endpoint-address-uri>
      <service-qname>
        <namespaceURI>http://schemas.xmlsoap.org/ws/2004/10/wsat</namespaceURI>
        <localpart>WSATCoordinator</localpart>
      </service-qname>
      <servlet-impl-class>com.sun.xml.ws.tx.at.v10.endpoint.CoordinatorPortTypePortImpl</servlet-impl-class>
      <debugging-enabled>true</debugging-enabled>
    </webservice-endpoint>
  </servlet>
  <servlet>
    <servlet-name>ParticipantPortTypeImpl</servlet-name>
    <webservice-endpoint>
      <port-component-name>ParticipantPortTypeImpl</port-component-name>
      <endpoint-address-uri>/ParticipantPortType</endpoint-address-uri>
      <service-qname>
        <namespaceURI>http://schemas.xmlsoap.org/ws/2004/10/wsat</namespaceURI>
        <localpart>WSATCoordinator</localpart>
      </service-qname>
      <servlet-impl-class>com.sun.xml.ws.tx.at.v10.endpoint.ParticipantPortTypePortImpl</servlet-impl-class>
      <debugging-enabled>true</debugging-enabled>
    </webservice-endpoint>
  </servlet>
  <servlet>
    <servlet-name>RegistrationRequesterPortTypeImpl</servlet-name>
    <webservice-endpoint>
      <port-component-name>RegistrationRequesterPortTypeImpl</port-component-name>
      <endpoint-address-uri>/RegistrationRequesterPortType</endpoint-address-uri>
      <service-qname>
        <namespaceURI>http://schemas.xmlsoap.org/ws/2004/10/wscoor</namespaceURI>
        <localpart>Coordinator</localpart>
      </service-qname>
      <servlet-impl-class>com.sun.xml.ws.tx.coord.v10.endpoint.RegistrationRequesterPortTypePortImpl</servlet-impl-class>
      <debugging-enabled>true</debugging-enabled>
    </webservice-endpoint>
  </servlet>

  <servlet>
    <servlet-name>RegistrationPortTypeImpl11</servlet-name>
    <webservice-endpoint>
      <port-component-name>RegistrationPortTypeRPCPortImpl</port-component-name>
      <endpoint-address-uri>/RegistrationPortTypeRPC11</endpoint-address-uri>
      <service-qname>
        <namespaceURI>http://docs.oasis-open.org/ws-tx/wscoor/2006/06</namespaceURI>
        <localpart>RegistrationService_V11</localpart>
      </service-qname>
      <servlet-impl-class>com.sun.xml.ws.tx.coord.v11.endpoint.RegistrationPortImpl</servlet-impl-class>
      <debugging-enabled>true</debugging-enabled>
    </webservice-endpoint>
  </servlet>
  <servlet>
    <servlet-name>CoordinatorPortTypeImpl11</servlet-name>
    <webservice-endpoint>
      <port-component-name>CoordinatorPortTypePortImpl</port-component-name>
      <endpoint-address-uri>/CoordinatorPortType11</endpoint-address-uri>
      <service-qname>
        <namespaceURI>http://docs.oasis-open.org/ws-tx/wsat/2006/06</namespaceURI>
        <localpart>WSAT11Service</localpart>
      </service-qname>
      <servlet-impl-class>com.sun.xml.ws.tx.at.v11.endpoint.CoordinatorPortImpl</servlet-impl-class>
      <debugging-enabled>true</debugging-enabled>
    </webservice-endpoint>
  </servlet>
  <servlet>
    <servlet-name>ParticipantPortTypeImpl11</servlet-name>
    <webservice-endpoint>
      <port-component-name>ParticipantPortTypePortImpl</port-component-name>
      <endpoint-address-uri>/ParticipantPortType11</endpoint-address-uri>
      <service-qname>
        <namespaceURI>http://docs.oasis-open.org/ws-tx/wsat/2006/06</namespaceURI>
        <localpart>WSAT11Service</localpart>
      </service-qname>
      <servlet-impl-class>com.sun.xml.ws.tx.at.v11.endpoint.ParticipantPortImpl</servlet-impl-class>
      <debugging-enabled>true</debugging-enabled>
    </webservice-endpoint>
  </servlet>
  <servlet>
    <servlet-name>RegistrationRequesterPortTypeImpl11</servlet-name>
    <webservice-endpoint>
      <port-component-name>RegistrationRequesterPortTypePortImpl</port-component-name>
      <endpoint-address-uri>/RegistrationRequesterPortType11</endpoint-address-uri>
      <service-qname>
        <namespaceURI>http://docs.oasis-open.org/ws-tx/wscoor/2006/06</namespaceURI>
        <localpart>RegistrationService_V11</localpart>
      </service-qname>
      <servlet-impl-class>com.sun.xml.ws.tx.coord.v11.endpoint.RegistrationRequesterPortImpl</servlet-impl-class>
      <debugging-enabled>true</debugging-enabled>
    </webservice-endpoint>
  </servlet>
</sun-web-app>
